[
  {
    "ARN": "arn:aws:ssm:sa-east-1::parameter/aws/service/ami-amazon-linux-latest/al2023-ami-kernel-6.1-arm64",
    "DataType": "text",
    "LastModifiedDate": 1721690686.885,
    "Name": "/aws/service/ami-amazon-linux-latest/al2023-ami-kernel-6.1-arm64",
    "Type": "String",
    "Value": "ami-0987fa40140057257",
    "Version": 82
  },
  {
    "ARN": "arn:aws:ssm:sa-east-1::parameter/aws/service/ami-amazon-linux-latest/al2023-ami-kernel-6.1-x86_64",
    "DataType": "text",
    "LastModifiedDate": 1721690687.593,
    "Name": "/aws/service/ami-amazon-linux-latest/al2023-ami-kernel-6.1-x86_64",
    "Type": "String",
    "Value": "ami-02031d73889932104",
    "Version": 82
  },
  {
    "ARN": "arn:aws:ssm:sa-east-1::parameter/aws/service/ami-amazon-linux-latest/al2023-ami-minimal-kernel-6.1-arm64",
    "DataType": "text",
    "LastModifiedDate": 1721690688.277,
    "Name": "/aws/service/ami-amazon-linux-latest/al2023-ami-minimal-kernel-6.1-arm64",
    "Type": "String",
    "Value": "ami-02622c27fc463cf58",
    "Version": 82
  },
  {
    "ARN": "arn:aws:ssm:sa-east-1::parameter/aws/service/ami-amazon-linux-latest/al2023-ami-minimal-kernel-6.1-x86_64",
    "DataType": "text",
    "LastModifiedDate": 1721690689.001,
    "Name": "/aws/service/ami-amazon-linux-latest/al2023-ami-minimal-kernel-6.1-x86_64",
    "Type": "String",
    "Value": "ami-053a7085bfb85600e",
    "Version": 82
  },
  {
    "ARN": "arn:aws:ssm:sa-east-1::parameter/aws/service/ami-amazon-linux-latest/al2023-ami-minimal-kernel-default-arm64",
    "DataType": "text",
    "LastModifiedDate": 1721690691.053,
    "Name": "/aws/service/ami-amazon-linux-latest/al2023-ami-minimal-kernel-default-arm64",
    "Type": "String",
    "Value": "ami-02622c27fc463cf58",
    "Version": 82
  },
  {
    "ARN": "arn:aws:ssm:sa-east-1::parameter/aws/service/ami-amazon-linux-latest/amzn-ami-hvm-x86_64-gp2",
    "DataType": "text",
    "LastModifiedDate": 1703011702.676,
    "Name": "/aws/service/ami-amazon-linux-latest/amzn-ami-hvm-x86_64-gp2",
    "Type": "String",
    "Value": "ami-0572eb591f53d82ac",
    "Version": 73
  },
  {
    "ARN": "arn:aws:ssm:sa-east-1::parameter/aws/service/ami-amazon-linux-latest/amzn-ami-hvm-x86_64-s3",
    "DataType": "text",
    "LastModifiedDate": 1703011703.12,
    "Name": "/aws/service/ami-amazon-linux-latest/amzn-ami-hvm-x86_64-s3",
    "Type": "String",
    "Value": "ami-0b71ad7230e682164",
    "Version": 73
  },
  {
    "ARN": "arn:aws:ssm:sa-east-1::parameter/aws/service/ami-amazon-linux-latest/amzn2-ami-hvm-x86_64-ebs",
    "DataType": "text",
    "LastModifiedDate": 1721703538.874,
    "Name": "/aws/service/ami-amazon-linux-latest/amzn2-ami-hvm-x86_64-ebs",
    "Type": "String",
    "Value": "ami-0e41709cf28174e43",
    "Version": 122
  },
  {
    "ARN": "arn:aws:ssm:sa-east-1::parameter/aws/service/ami-amazon-linux-latest/amzn2-ami-hvm-x86_64-gp2",
    "DataType": "text",
    "LastModifiedDate": 1721703539.583,
    "Name": "/aws/service/ami-amazon-linux-latest/amzn2-ami-hvm-x86_64-gp2",
    "Type": "String",
    "Value": "ami-0b62c1cd4293cf9af",
    "Version": 122
  },
  {
    "ARN": "arn:aws:ssm:sa-east-1::parameter/aws/service/ami-amazon-linux-latest/amzn2-ami-kernel-5.10-hvm-x86_64-ebs",
    "DataType": "text",
    "LastModifiedDate": 1721703541.068,
    "Name": "/aws/service/ami-amazon-linux-latest/amzn2-ami-kernel-5.10-hvm-x86_64-ebs",
    "Type": "String",
    "Value": "ami-002dbb57d7f2c1d0e",
    "Version": 73
  },
  {
    "ARN": "arn:aws:ssm:sa-east-1::parameter/aws/service/ami-amazon-linux-latest/al2023-ami-kernel-default-x86_64",
    "DataType": "text",
    "LastModifiedDate": 1721690690.37,
    "Name": "/aws/service/ami-amazon-linux-latest/al2023-ami-kernel-default-x86_64",
    "Type": "String",
    "Value": "ami-02031d73889932104",
    "Version": 82
  },
  {
    "ARN": "arn:aws:ssm:sa-east-1::parameter/aws/service/ami-amazon-linux-latest/al2023-ami-minimal-kernel-default-x86_64",
    "DataType": "text",
    "LastModifiedDate": 1721690691.752,
    "Name": "/aws/service/ami-amazon-linux-latest/al2023-ami-minimal-kernel-default-x86_64",
    "Type": "String",
    "Value": "ami-053a7085bfb85600e",
    "Version": 82
  },
  {
    "ARN": "arn:aws:ssm:sa-east-1::parameter/aws/service/ami-amazon-linux-latest/amzn-ami-hvm-x86_64-ebs",
    "DataType": "text",
    "LastModifiedDate": 1703011702.219,
    "Name": "/aws/service/ami-amazon-linux-latest/amzn-ami-hvm-x86_64-ebs",
    "Type": "String",
    "Value": "ami-04a3c459165d154a2",
    "Version": 73
  },
  {
    "ARN": "arn:aws:ssm:sa-east-1::parameter/aws/service/ami-amazon-linux-latest/amzn-ami-minimal-hvm-x86_64-s3",
    "DataType": "text",
    "LastModifiedDate": 1703011704.04,
    "Name": "/aws/service/ami-amazon-linux-latest/amzn-ami-minimal-hvm-x86_64-s3",
    "Type": "String",
    "Value": "ami-095222b135808349d",
    "Version": 73
  },
  {
    "ARN": "arn:aws:ssm:sa-east-1::parameter/aws/service/ami-amazon-linux-latest/amzn-ami-minimal-pv-x86_64-s3",
    "DataType": "text",
    "LastModifiedDate": 1703011704.904,
    "Name": "/aws/service/ami-amazon-linux-latest/amzn-ami-minimal-pv-x86_64-s3",
    "Type": "String",
    "Value": "ami-0fef666a8402382e0",
    "Version": 73
  },
  {
    "ARN": "arn:aws:ssm:sa-east-1::parameter/aws/service/ami-amazon-linux-latest/amzn-ami-pv-x86_64-s3",
    "DataType": "text",
    "LastModifiedDate": 1703011705.78,
    "Name": "/aws/service/ami-amazon-linux-latest/amzn-ami-pv-x86_64-s3",
    "Type": "String",
    "Value": "ami-050b877d065cd1d32",
    "Version": 73
  },
  {
    "ARN": "arn:aws:ssm:sa-east-1::parameter/aws/service/ami-amazon-linux-latest/amzn2-ami-hvm-arm64-gp2",
    "DataType": "text",
    "LastModifiedDate": 1721703538.121,
    "Name": "/aws/service/ami-amazon-linux-latest/amzn2-ami-hvm-arm64-gp2",
    "Type": "String",
    "Value": "ami-0f0f79cd0ed209340",
    "Version": 89
  },
  {
    "ARN": "arn:aws:ssm:sa-east-1::parameter/aws/service/ami-amazon-linux-latest/amzn2-ami-kernel-5.10-hvm-arm64-gp2",
    "DataType": "text",
    "LastModifiedDate": 1721703540.337,
    "Name": "/aws/service/ami-amazon-linux-latest/amzn2-ami-kernel-5.10-hvm-arm64-gp2",
    "Type": "String",
    "Value": "ami-0bc973312e8836582",
    "Version": 73
  },
  {
    "ARN": "arn:aws:ssm:sa-east-1::parameter/aws/service/ami-amazon-linux-latest/amzn2-ami-kernel-5.10-hvm-x86_64-gp2",
    "DataType": "text",
    "LastModifiedDate": 1721703541.786,
    "Name": "/aws/service/ami-amazon-linux-latest/amzn2-ami-kernel-5.10-hvm-x86_64-gp2",
    "Type": "String",
    "Value": "ami-0e41d8ee8eeeee62a",
    "Version": 73
  },
  {
    "ARN": "arn:aws:ssm:sa-east-1::parameter/aws/service/ami-amazon-linux-latest/amzn2-ami-minimal-hvm-arm64-ebs",
    "DataType": "text",
    "LastModifiedDate": 1721703542.536,
    "Name": "/aws/service/ami-amazon-linux-latest/amzn2-ami-minimal-hvm-arm64-ebs",
    "Type": "String",
    "Value": "ami-0404f85edd19077b4",
    "Version": 89
  },
  {
    "ARN": "arn:aws:ssm:sa-east-1::parameter/aws/service/ami-amazon-linux-latest/al2023-ami-kernel-default-arm64",
    "DataType": "text",
    "LastModifiedDate": 1721690689.668,
    "Name": "/aws/service/ami-amazon-linux-latest/al2023-ami-kernel-default-arm64",
    "Type": "String",
    "Value": "ami-0987fa40140057257",
    "Version": 82
  },
  {
    "ARN": "arn:aws:ssm:sa-east-1::parameter/aws/service/ami-amazon-linux-latest/amzn-ami-minimal-hvm-x86_64-ebs",
    "DataType": "text",
    "LastModifiedDate": 1703011703.571,
    "Name": "/aws/service/ami-amazon-linux-latest/amzn-ami-minimal-hvm-x86_64-ebs",
    "Type": "String",
    "Value": "ami-06257920d4cbc3036",
    "Version": 73
  },
  {
    "ARN": "arn:aws:ssm:sa-east-1::parameter/aws/service/ami-amazon-linux-latest/amzn-ami-minimal-pv-x86_64-ebs",
    "DataType": "text",
    "LastModifiedDate": 1703011704.477,
    "Name": "/aws/service/ami-amazon-linux-latest/amzn-ami-minimal-pv-x86_64-ebs",
    "Type": "String",
    "Value": "ami-01d9549eb6584a70a",
    "Version": 73
  },
  {
    "ARN": "arn:aws:ssm:sa-east-1::parameter/aws/service/ami-amazon-linux-latest/amzn-ami-pv-x86_64-ebs",
    "DataType": "text",
    "LastModifiedDate": 1703011705.335,
    "Name": "/aws/service/ami-amazon-linux-latest/amzn-ami-pv-x86_64-ebs",
    "Type": "String",
    "Value": "ami-099a00dcc3e23efdc",
    "Version": 73
  },
  {
    "ARN": "arn:aws:ssm:sa-east-1::parameter/aws/service/ami-amazon-linux-latest/amzn2-ami-minimal-hvm-x86_64-ebs",
    "DataType": "text",
    "LastModifiedDate": 1721703543.259,
    "Name": "/aws/service/ami-amazon-linux-latest/amzn2-ami-minimal-hvm-x86_64-ebs",
    "Type": "String",
    "Value": "ami-00574de02d6e8ed85",
    "Version": 122
  }
]