[
  {
    "ARN": "arn:aws:ssm:ap-east-1::parameter/aws/service/ami-amazon-linux-latest/al2023-ami-kernel-default-x86_64",
    "DataType": "text",
    "LastModifiedDate": 1721690611.269,
    "Name": "/aws/service/ami-amazon-linux-latest/al2023-ami-kernel-default-x86_64",
    "Type": "String",
    "Value": "ami-0c06d80a037a63ae0",
    "Version": 52
  },
  {
    "ARN": "arn:aws:ssm:ap-east-1::parameter/aws/service/ami-amazon-linux-latest/al2023-ami-minimal-kernel-6.1-x86_64",
    "DataType": "text",
    "LastModifiedDate": 1721690610.196,
    "Name": "/aws/service/ami-amazon-linux-latest/al2023-ami-minimal-kernel-6.1-x86_64",
    "Type": "String",
    "Value": "ami-08ca750aad55cf00c",
    "Version": 52
  },
  {
    "ARN": "arn:aws:ssm:ap-east-1::parameter/aws/service/ami-amazon-linux-latest/al2023-ami-minimal-kernel-default-arm64",
    "DataType": "text",
    "LastModifiedDate": 1721690611.805,
    "Name": "/aws/service/ami-amazon-linux-latest/al2023-ami-minimal-kernel-default-arm64",
    "Type": "String",
    "Value": "ami-07af3a0226ced9043",
    "Version": 52
  },
  {
    "ARN": "arn:aws:ssm:ap-east-1::parameter/aws/service/ami-amazon-linux-latest/amzn-ami-hvm-x86_64-ebs",
    "DataType": "text",
    "LastModifiedDate": 1703011414.974,
    "Name": "/aws/service/ami-amazon-linux-latest/amzn-ami-hvm-x86_64-ebs",
    "Type": "String",
    "Value": "ami-0e7183c7da6dd5505",
    "Version": 66
  },
  {
    "ARN": "arn:aws:ssm:ap-east-1::parameter/aws/service/ami-amazon-linux-latest/amzn-ami-minimal-hvm-x86_64-ebs",
    "DataType": "text",
    "LastModifiedDate": 1703011416.054,
    "Name": "/aws/service/ami-amazon-linux-latest/amzn-ami-minimal-hvm-x86_64-ebs",
    "Type": "String",
    "Value": "ami-0c94537106701c2bb",
    "Version": 66
  },
  {
    "ARN": "arn:aws:ssm:ap-east-1::parameter/aws/service/ami-amazon-linux-latest/amzn-ami-minimal-hvm-x86_64-s3",
    "DataType": "text",
    "LastModifiedDate": 1703011416.406,
    "Name": "/aws/service/ami-amazon-linux-latest/amzn-ami-minimal-hvm-x86_64-s3",
    "Type": "String",
    "Value": "ami-0f1f7f0d362e16a6d",
    "Version": 66
  },
  {
    "ARN": "arn:aws:ssm:ap-east-1::parameter/aws/service/ami-amazon-linux-latest/amzn2-ami-hvm-x86_64-ebs",
    "DataType": "text",
    "LastModifiedDate": 1721703462.689,
    "Name": "/aws/service/ami-amazon-linux-latest/amzn2-ami-hvm-x86_64-ebs",
    "Type": "String",
    "Value": "ami-05ad79a1faebba334",
    "Version": 102
  },
  {
    "ARN": "arn:aws:ssm:ap-east-1::parameter/aws/service/ami-amazon-linux-latest/amzn2-ami-hvm-x86_64-gp2",
    "DataType": "text",
    "LastModifiedDate": 1721703463.234,
    "Name": "/aws/service/ami-amazon-linux-latest/amzn2-ami-hvm-x86_64-gp2",
    "Type": "String",
    "Value": "ami-0a8f9a7f5e2451a0b",
    "Version": 102
  },
  {
    "ARN": "arn:aws:ssm:ap-east-1::parameter/aws/service/ami-amazon-linux-latest/amzn2-ami-kernel-5.10-hvm-x86_64-ebs",
    "DataType": "text",
    "LastModifiedDate": 1721703464.294,
    "Name": "/aws/service/ami-amazon-linux-latest/amzn2-ami-kernel-5.10-hvm-x86_64-ebs",
    "Type": "String",
    "Value": "ami-0a3a9d031c29c60fd",
    "Version": 71
  },
  {
    "ARN": "arn:aws:ssm:ap-east-1::parameter/aws/service/ami-amazon-linux-latest/amzn2-ami-minimal-hvm-arm64-ebs",
    "DataType": "text",
    "LastModifiedDate": 1721703465.333,
    "Name": "/aws/service/ami-amazon-linux-latest/amzn2-ami-minimal-hvm-arm64-ebs",
    "Type": "String",
    "Value": "ami-02bd4455d391c1ff9",
    "Version": 83
  },
  {
    "ARN": "arn:aws:ssm:ap-east-1::parameter/aws/service/ami-amazon-linux-latest/al2023-ami-kernel-6.1-arm64",
    "DataType": "text",
    "LastModifiedDate": 1721690608.57,
    "Name": "/aws/service/ami-amazon-linux-latest/al2023-ami-kernel-6.1-arm64",
    "Type": "String",
    "Value": "ami-05bf16513b05435bf",
    "Version": 52
  },
  {
    "ARN": "arn:aws:ssm:ap-east-1::parameter/aws/service/ami-amazon-linux-latest/al2023-ami-kernel-6.1-x86_64",
    "DataType": "text",
    "LastModifiedDate": 1721690609.124,
    "Name": "/aws/service/ami-amazon-linux-latest/al2023-ami-kernel-6.1-x86_64",
    "Type": "String",
    "Value": "ami-0c06d80a037a63ae0",
    "Version": 52
  },
  {
    "ARN": "arn:aws:ssm:ap-east-1::parameter/aws/service/ami-amazon-linux-latest/al2023-ami-kernel-default-arm64",
    "DataType": "text",
    "LastModifiedDate": 1721690610.743,
    "Name": "/aws/service/ami-amazon-linux-latest/al2023-ami-kernel-default-arm64",
    "Type": "String",
    "Value": "ami-05bf16513b05435bf",
    "Version": 52
  },
  {
    "ARN": "arn:aws:ssm:ap-east-1::parameter/aws/service/ami-amazon-linux-latest/al2023-ami-minimal-kernel-6.1-arm64",
    "DataType": "text",
    "LastModifiedDate": 1721690609.654,
    "Name": "/aws/service/ami-amazon-linux-latest/al2023-ami-minimal-kernel-6.1-arm64",
    "Type": "String",
    "Value": "ami-07af3a0226ced9043",
    "Version": 52
  },
  {
    "ARN": "arn:aws:ssm:ap-east-1::parameter/aws/service/ami-amazon-linux-latest/al2023-ami-minimal-kernel-default-x86_64",
    "DataType": "text",
    "LastModifiedDate": 1721690612.325,
    "Name": "/aws/service/ami-amazon-linux-latest/al2023-ami-minimal-kernel-default-x86_64",
    "Type": "String",
    "Value": "ami-08ca750aad55cf00c",
    "Version": 52
  },
  {
    "ARN": "arn:aws:ssm:ap-east-1::parameter/aws/service/ami-amazon-linux-latest/amzn-ami-hvm-x86_64-gp2",
    "DataType": "text",
    "LastModifiedDate": 1703011415.338,
    "Name": "/aws/service/ami-amazon-linux-latest/amzn-ami-hvm-x86_64-gp2",
    "Type": "String",
    "Value": "ami-0a0d6afabf268cb7e",
    "Version": 66
  },
  {
    "ARN": "arn:aws:ssm:ap-east-1::parameter/aws/service/ami-amazon-linux-latest/amzn-ami-hvm-x86_64-s3",
    "DataType": "text",
    "LastModifiedDate": 1703011415.691,
    "Name": "/aws/service/ami-amazon-linux-latest/amzn-ami-hvm-x86_64-s3",
    "Type": "String",
    "Value": "ami-07641985d0cbc1d0c",
    "Version": 66
  },
  {
    "ARN": "arn:aws:ssm:ap-east-1::parameter/aws/service/ami-amazon-linux-latest/amzn2-ami-hvm-arm64-gp2",
    "DataType": "text",
    "LastModifiedDate": 1721703462.128,
    "Name": "/aws/service/ami-amazon-linux-latest/amzn2-ami-hvm-arm64-gp2",
    "Type": "String",
    "Value": "ami-05c2d7cd52210ae12",
    "Version": 83
  },
  {
    "ARN": "arn:aws:ssm:ap-east-1::parameter/aws/service/ami-amazon-linux-latest/amzn2-ami-kernel-5.10-hvm-arm64-gp2",
    "DataType": "text",
    "LastModifiedDate": 1721703463.759,
    "Name": "/aws/service/ami-amazon-linux-latest/amzn2-ami-kernel-5.10-hvm-arm64-gp2",
    "Type": "String",
    "Value": "ami-058ca7e5839981cb6",
    "Version": 71
  },
  {
    "ARN": "arn:aws:ssm:ap-east-1::parameter/aws/service/ami-amazon-linux-latest/amzn2-ami-kernel-5.10-hvm-x86_64-gp2",
    "DataType": "text",
    "LastModifiedDate": 1721703464.819,
    "Name": "/aws/service/ami-amazon-linux-latest/amzn2-ami-kernel-5.10-hvm-x86_64-gp2",
    "Type": "String",
    "Value": "ami-055d23abff66291fc",
    "Version": 71
  },
  {
    "ARN": "arn:aws:ssm:ap-east-1::parameter/aws/service/ami-amazon-linux-latest/amzn2-ami-minimal-hvm-x86_64-ebs",
    "DataType": "text",
    "LastModifiedDate": 1721703465.863,
    "Name": "/aws/service/ami-amazon-linux-latest/amzn2-ami-minimal-hvm-x86_64-ebs",
    "Type": "String",
    "Value": "ami-009fee2a5b7ff0cab",
    "Version": 102
  }
]