[
  {
    "ARN": "arn:aws:ssm:eu-west-2::parameter/aws/service/ami-amazon-linux-latest/al2023-ami-kernel-6.1-arm64",
    "DataType": "text",
    "LastModifiedDate": 1721690674.359,
    "Name": "/aws/service/ami-amazon-linux-latest/al2023-ami-kernel-6.1-arm64",
    "Type": "String",
    "Value": "ami-09a87715cee8d3868",
    "Version": 82
  },
  {
    "ARN": "arn:aws:ssm:eu-west-2::parameter/aws/service/ami-amazon-linux-latest/al2023-ami-kernel-6.1-x86_64",
    "DataType": "text",
    "LastModifiedDate": 1721690674.911,
    "Name": "/aws/service/ami-amazon-linux-latest/al2023-ami-kernel-6.1-x86_64",
    "Type": "String",
    "Value": "ami-046d5130831576bbb",
    "Version": 82
  },
  {
    "ARN": "arn:aws:ssm:eu-west-2::parameter/aws/service/ami-amazon-linux-latest/al2023-ami-minimal-kernel-6.1-arm64",
    "DataType": "text",
    "LastModifiedDate": 1721690675.435,
    "Name": "/aws/service/ami-amazon-linux-latest/al2023-ami-minimal-kernel-6.1-arm64",
    "Type": "String",
    "Value": "ami-08c1e235402ff3009",
    "Version": 82
  },
  {
    "ARN": "arn:aws:ssm:eu-west-2::parameter/aws/service/ami-amazon-linux-latest/al2023-ami-minimal-kernel-6.1-x86_64",
    "DataType": "text",
    "LastModifiedDate": 1721690675.946,
    "Name": "/aws/service/ami-amazon-linux-latest/al2023-ami-minimal-kernel-6.1-x86_64",
    "Type": "String",
    "Value": "ami-0731c1f08a9c89949",
    "Version": 82
  },
  {
    "ARN": "arn:aws:ssm:eu-west-2::parameter/aws/service/ami-amazon-linux-latest/al2023-ami-minimal-kernel-default-arm64",
    "DataType": "text",
    "LastModifiedDate": 1721690677.49,
    "Name": "/aws/service/ami-amazon-linux-latest/al2023-ami-minimal-kernel-default-arm64",
    "Type": "String",
    "Value": "ami-08c1e235402ff3009",
    "Version": 82
  },
  {
    "ARN": "arn:aws:ssm:eu-west-2::parameter/aws/service/ami-amazon-linux-latest/amzn-ami-hvm-x86_64-gp2",
    "DataType": "text",
    "LastModifiedDate": 1703011695.869,
    "Name": "/aws/service/ami-amazon-linux-latest/amzn-ami-hvm-x86_64-gp2",
    "Type": "String",
    "Value": "ami-06b70aca4f444e3bd",
    "Version": 73
  },
  {
    "ARN": "arn:aws:ssm:eu-west-2::parameter/aws/service/ami-amazon-linux-latest/amzn-ami-hvm-x86_64-s3",
    "DataType": "text",
    "LastModifiedDate": 1703011696.215,
    "Name": "/aws/service/ami-amazon-linux-latest/amzn-ami-hvm-x86_64-s3",
    "Type": "String",
    "Value": "ami-07a2ddc472756d3f7",
    "Version": 73
  },
  {
    "ARN": "arn:aws:ssm:eu-west-2::parameter/aws/service/ami-amazon-linux-latest/amzn2-ami-hvm-x86_64-ebs",
    "DataType": "text",
    "LastModifiedDate": 1721703526.119,
    "Name": "/aws/service/ami-amazon-linux-latest/amzn2-ami-hvm-x86_64-ebs",
    "Type": "String",
    "Value": "ami-0d7e1f1201b5ce919",
    "Version": 120
  },
  {
    "ARN": "arn:aws:ssm:eu-west-2::parameter/aws/service/ami-amazon-linux-latest/amzn2-ami-hvm-x86_64-gp2",
    "DataType": "text",
    "LastModifiedDate": 1721703526.646,
    "Name": "/aws/service/ami-amazon-linux-latest/amzn2-ami-hvm-x86_64-gp2",
    "Type": "String",
    "Value": "ami-07325431fa2186a03",
    "Version": 120
  },
  {
    "ARN": "arn:aws:ssm:eu-west-2::parameter/aws/service/ami-amazon-linux-latest/amzn2-ami-kernel-5.10-hvm-x86_64-ebs",
    "DataType": "text",
    "LastModifiedDate": 1721703527.697,
    "Name": "/aws/service/ami-amazon-linux-latest/amzn2-ami-kernel-5.10-hvm-x86_64-ebs",
    "Type": "String",
    "Value": "ami-019d6d6246731277f",
    "Version": 73
  },
  {
    "ARN": "arn:aws:ssm:eu-west-2::parameter/aws/service/ami-amazon-linux-latest/al2023-ami-kernel-default-arm64",
    "DataType": "text",
    "LastModifiedDate": 1721690676.468,
    "Name": "/aws/service/ami-amazon-linux-latest/al2023-ami-kernel-default-arm64",
    "Type": "String",
    "Value": "ami-09a87715cee8d3868",
    "Version": 82
  },
  {
    "ARN": "arn:aws:ssm:eu-west-2::parameter/aws/service/ami-amazon-linux-latest/al2023-ami-kernel-default-x86_64",
    "DataType": "text",
    "LastModifiedDate": 1721690676.97,
    "Name": "/aws/service/ami-amazon-linux-latest/al2023-ami-kernel-default-x86_64",
    "Type": "String",
    "Value": "ami-046d5130831576bbb",
    "Version": 82
  },
  {
    "ARN": "arn:aws:ssm:eu-west-2::parameter/aws/service/ami-amazon-linux-latest/al2023-ami-minimal-kernel-default-x86_64",
    "DataType": "text",
    "LastModifiedDate": 1721690678.008,
    "Name": "/aws/service/ami-amazon-linux-latest/al2023-ami-minimal-kernel-default-x86_64",
    "Type": "String",
    "Value": "ami-0731c1f08a9c89949",
    "Version": 82
  },
  {
    "ARN": "arn:aws:ssm:eu-west-2::parameter/aws/service/ami-amazon-linux-latest/amzn-ami-hvm-x86_64-ebs",
    "DataType": "text",
    "LastModifiedDate": 1703011695.517,
    "Name": "/aws/service/ami-amazon-linux-latest/amzn-ami-hvm-x86_64-ebs",
    "Type": "String",
    "Value": "ami-03a2093e132f2e6cf",
    "Version": 73
  },
  {
    "ARN": "arn:aws:ssm:eu-west-2::parameter/aws/service/ami-amazon-linux-latest/amzn-ami-minimal-hvm-x86_64-ebs",
    "DataType": "text",
    "LastModifiedDate": 1703011696.557,
    "Name": "/aws/service/ami-amazon-linux-latest/amzn-ami-minimal-hvm-x86_64-ebs",
    "Type": "String",
    "Value": "ami-05aea9de2e41707df",
    "Version": 73
  },
  {
    "ARN": "arn:aws:ssm:eu-west-2::parameter/aws/service/ami-amazon-linux-latest/amzn-ami-minimal-hvm-x86_64-s3",
    "DataType": "text",
    "LastModifiedDate": 1703011696.895,
    "Name": "/aws/service/ami-amazon-linux-latest/amzn-ami-minimal-hvm-x86_64-s3",
    "Type": "String",
    "Value": "ami-0379a876dba1ee4f8",
    "Version": 73
  },
  {
    "ARN": "arn:aws:ssm:eu-west-2::parameter/aws/service/ami-amazon-linux-latest/amzn2-ami-hvm-arm64-gp2",
    "DataType": "text",
    "LastModifiedDate": 1721703525.502,
    "Name": "/aws/service/ami-amazon-linux-latest/amzn2-ami-hvm-arm64-gp2",
    "Type": "String",
    "Value": "ami-07eac86c1aa994cde",
    "Version": 89
  },
  {
    "ARN": "arn:aws:ssm:eu-west-2::parameter/aws/service/ami-amazon-linux-latest/amzn2-ami-kernel-5.10-hvm-arm64-gp2",
    "DataType": "text",
    "LastModifiedDate": 1721703527.185,
    "Name": "/aws/service/ami-amazon-linux-latest/amzn2-ami-kernel-5.10-hvm-arm64-gp2",
    "Type": "String",
    "Value": "ami-0b311170bad66d5ff",
    "Version": 73
  },
  {
    "ARN": "arn:aws:ssm:eu-west-2::parameter/aws/service/ami-amazon-linux-latest/amzn2-ami-kernel-5.10-hvm-x86_64-gp2",
    "DataType": "text",
    "LastModifiedDate": 1721703528.195,
    "Name": "/aws/service/ami-amazon-linux-latest/amzn2-ami-kernel-5.10-hvm-x86_64-gp2",
    "Type": "String",
    "Value": "ami-0efebcf6b293598fa",
    "Version": 73
  },
  {
    "ARN": "arn:aws:ssm:eu-west-2::parameter/aws/service/ami-amazon-linux-latest/amzn2-ami-minimal-hvm-arm64-ebs",
    "DataType": "text",
    "LastModifiedDate": 1721703528.704,
    "Name": "/aws/service/ami-amazon-linux-latest/amzn2-ami-minimal-hvm-arm64-ebs",
    "Type": "String",
    "Value": "ami-075d962f2ad925a58",
    "Version": 89
  },
  {
    "ARN": "arn:aws:ssm:eu-west-2::parameter/aws/service/ami-amazon-linux-latest/amzn2-ami-minimal-hvm-x86_64-ebs",
    "DataType": "text",
    "LastModifiedDate": 1721703529.246,
    "Name": "/aws/service/ami-amazon-linux-latest/amzn2-ami-minimal-hvm-x86_64-ebs",
    "Type": "String",
    "Value": "ami-08f344cb1874ac39a",
    "Version": 120
  }
]